IP,Total Requests,Error Rate,Threat Count,Threat Types,First Detection,Last Detection
234.80.209.190,1,0.0%,2,"sql_injection, suspicious_user_agent",2025-08-21 12:29:59,2025-08-21 12:29:59
95.28.132.68,1,0.0%,2,"path_traversal, suspicious_user_agent",2025-08-21 12:29:59,2025-08-21 12:29:59
202.66.59.74,1,0.0%,2,"sql_injection, suspicious_user_agent",2025-08-21 12:29:59,2025-08-21 12:29:59
241.108.26.150,1,0.0%,1,suspicious_user_agent,2025-08-21 12:29:59,2025-08-21 12:29:59
26.50.121.115,1,0.0%,1,suspicious_user_agent,2025-08-21 12:29:59,2025-08-21 12:29:59
164.36.201.243,1,100.0%,2,"sql_injection, suspicious_user_agent",2025-08-21 12:30:00,2025-08-21 12:30:00
16.220.126.31,1,100.0%,2,"sql_injection, suspicious_user_agent",2025-08-21 12:30:00,2025-08-21 12:30:00
154.12.232.141,1,0.0%,1,suspicious_user_agent,2025-08-21 12:30:00,2025-08-21 12:30:00
211.28.240.56,1,0.0%,1,suspicious_user_agent,2025-08-21 12:30:00,2025-08-21 12:30:00
121.72.254.193,1,0.0%,1,suspicious_user_agent,2025-08-21 12:30:00,2025-08-21 12:30:00
189.177.130.87,1,0.0%,1,suspicious_user_agent,2025-08-21 12:30:01,2025-08-21 12:30:01
200.206.221.203,1,0.0%,1,suspicious_user_agent,2025-08-21 12:30:01,2025-08-21 12:30:01
231.102.214.142,1,0.0%,2,"sql_injection, suspicious_user_agent",2025-08-21 12:30:01,2025-08-21 12:30:01
197.6.168.118,1,100.0%,2,"suspicious_user_agent, xss_attack",2025-08-21 12:30:01,2025-08-21 12:30:01
177.87.245.107,1,100.0%,1,suspicious_user_agent,2025-08-21 12:30:01,2025-08-21 12:30:01
84.124.135.19,1,0.0%,2,"suspicious_user_agent, sensitive_paths",2025-08-21 12:30:02,2025-08-21 12:30:02
73.32.206.15,1,0.0%,1,suspicious_user_agent,2025-08-21 12:30:02,2025-08-21 12:30:02
98.164.46.183,1,0.0%,1,suspicious_user_agent,2025-08-21 12:30:02,2025-08-21 12:30:02
243.44.109.21,1,100.0%,2,"sql_injection, suspicious_user_agent",2025-08-21 12:30:02,2025-08-21 12:30:02
134.68.225.43,1,100.0%,2,"sql_injection, suspicious_user_agent",2025-08-21 12:30:02,2025-08-21 12:30:02
128.60.18.73,1,0.0%,1,suspicious_user_agent,2025-08-21 12:30:03,2025-08-21 12:30:03
24.147.93.29,1,0.0%,2,"suspicious_user_agent, xss_attack",2025-08-21 12:30:03,2025-08-21 12:30:03
211.5.190.159,1,100.0%,1,suspicious_user_agent,2025-08-21 12:30:03,2025-08-21 12:30:03
213.133.157.138,1,0.0%,1,suspicious_user_agent,2025-08-21 12:30:03,2025-08-21 12:30:03
106.102.10.200,1,0.0%,1,suspicious_user_agent,2025-08-21 12:30:03,2025-08-21 12:30:03
43.253.138.22,1,0.0%,1,suspicious_user_agent,2025-08-21 12:30:04,2025-08-21 12:30:04
157.191.191.160,1,0.0%,2,"sql_injection, suspicious_user_agent",2025-08-21 12:30:04,2025-08-21 12:30:04
17.149.97.82,1,100.0%,2,"suspicious_user_agent, xss_attack",2025-08-21 12:30:04,2025-08-21 12:30:04
90.120.238.228,1,0.0%,1,suspicious_user_agent,2025-08-21 12:30:04,2025-08-21 12:30:04
43.110.2.160,1,0.0%,1,suspicious_user_agent,2025-08-21 12:30:04,2025-08-21 12:30:04
198.208.199.147,1,0.0%,1,suspicious_user_agent,2025-08-21 12:30:05,2025-08-21 12:30:05
165.132.121.152,1,0.0%,1,suspicious_user_agent,2025-08-21 12:30:05,2025-08-21 12:30:05
20.162.148.12,1,0.0%,1,suspicious_user_agent,2025-08-21 12:30:05,2025-08-21 12:30:05
204.10.103.176,1,0.0%,1,suspicious_user_agent,2025-08-21 12:30:05,2025-08-21 12:30:05
146.74.81.144,1,100.0%,1,suspicious_user_agent,2025-08-21 12:30:06,2025-08-21 12:30:06
126.151.191.164,1,0.0%,2,"sql_injection, suspicious_user_agent",2025-08-21 12:30:06,2025-08-21 12:30:06
110.177.16.40,1,0.0%,1,suspicious_user_agent,2025-08-21 12:30:06,2025-08-21 12:30:06
6.63.207.221,1,0.0%,1,suspicious_user_agent,2025-08-21 12:30:06,2025-08-21 12:30:06
178.159.219.33,1,100.0%,1,suspicious_user_agent,2025-08-21 12:30:06,2025-08-21 12:30:06
42.31.203.213,1,100.0%,2,"sql_injection, suspicious_user_agent",2025-08-21 12:30:07,2025-08-21 12:30:07
114.44.126.125,1,0.0%,1,suspicious_user_agent,2025-08-21 12:30:07,2025-08-21 12:30:07
183.162.145.209,1,0.0%,1,suspicious_user_agent,2025-08-21 12:30:07,2025-08-21 12:30:07
62.30.227.7,1,0.0%,1,suspicious_user_agent,2025-08-21 12:30:07,2025-08-21 12:30:07
66.107.123.104,1,100.0%,1,suspicious_user_agent,2025-08-21 12:30:07,2025-08-21 12:30:07
76.2.204.114,1,100.0%,2,"suspicious_user_agent, xss_attack",2025-08-21 12:30:08,2025-08-21 12:30:08
6.248.98.21,1,0.0%,1,suspicious_user_agent,2025-08-21 12:30:08,2025-08-21 12:30:08
204.214.159.159,1,0.0%,1,suspicious_user_agent,2025-08-21 12:30:08,2025-08-21 12:30:08
169.82.195.4,1,0.0%,1,suspicious_user_agent,2025-08-21 12:30:08,2025-08-21 12:30:08
243.120.89.250,1,0.0%,1,suspicious_user_agent,2025-08-21 12:30:08,2025-08-21 12:30:08
113.153.115.187,1,0.0%,1,suspicious_user_agent,2025-08-21 12:30:09,2025-08-21 12:30:09
188.192.14.190,1,0.0%,1,suspicious_user_agent,2025-08-21 12:30:09,2025-08-21 12:30:09
190.28.199.135,1,0.0%,1,suspicious_user_agent,2025-08-21 12:30:09,2025-08-21 12:30:09
36.117.173.49,1,0.0%,1,suspicious_user_agent,2025-08-21 12:30:09,2025-08-21 12:30:09
199.8.5.58,1,0.0%,1,suspicious_user_agent,2025-08-21 12:30:09,2025-08-21 12:30:09
161.51.226.106,1,0.0%,1,suspicious_user_agent,2025-08-21 12:30:10,2025-08-21 12:30:10
40.122.195.169,1,0.0%,1,suspicious_user_agent,2025-08-21 12:30:10,2025-08-21 12:30:10
249.101.13.30,1,0.0%,1,suspicious_user_agent,2025-08-21 12:30:10,2025-08-21 12:30:10
192.57.247.82,1,0.0%,1,suspicious_user_agent,2025-08-21 12:30:10,2025-08-21 12:30:10
69.11.104.123,1,0.0%,2,"sql_injection, suspicious_user_agent",2025-08-21 12:30:10,2025-08-21 12:30:10
88.67.172.60,1,0.0%,1,suspicious_user_agent,2025-08-21 12:30:11,2025-08-21 12:30:11
49.187.59.101,1,0.0%,1,suspicious_user_agent,2025-08-21 12:30:11,2025-08-21 12:30:11
132.54.34.165,1,0.0%,2,"sql_injection, suspicious_user_agent",2025-08-21 12:30:11,2025-08-21 12:30:11
188.7.30.24,1,0.0%,1,suspicious_user_agent,2025-08-21 12:30:11,2025-08-21 12:30:11
98.213.83.182,1,0.0%,1,suspicious_user_agent,2025-08-21 12:30:11,2025-08-21 12:30:11
11.115.34.225,1,100.0%,1,suspicious_user_agent,2025-08-21 12:30:12,2025-08-21 12:30:12
186.62.176.235,1,0.0%,1,suspicious_user_agent,2025-08-21 12:30:12,2025-08-21 12:30:12
87.119.58.6,1,100.0%,2,"sql_injection, suspicious_user_agent",2025-08-21 12:30:12,2025-08-21 12:30:12
87.103.119.240,1,0.0%,2,"suspicious_user_agent, sensitive_paths",2025-08-21 12:30:12,2025-08-21 12:30:12
112.213.157.222,1,0.0%,1,suspicious_user_agent,2025-08-21 12:30:12,2025-08-21 12:30:12
44.13.211.211,1,0.0%,1,suspicious_user_agent,2025-08-21 12:30:13,2025-08-21 12:30:13
118.41.103.116,1,0.0%,2,"sql_injection, suspicious_user_agent",2025-08-21 12:30:13,2025-08-21 12:30:13
131.248.119.80,1,100.0%,1,suspicious_user_agent,2025-08-21 12:30:13,2025-08-21 12:30:13
180.53.201.25,1,0.0%,1,suspicious_user_agent,2025-08-21 12:30:13,2025-08-21 12:30:13
65.23.212.111,1,100.0%,1,suspicious_user_agent,2025-08-21 12:30:13,2025-08-21 12:30:13
48.76.97.119,1,0.0%,1,suspicious_user_agent,2025-08-21 12:30:14,2025-08-21 12:30:14
164.188.183.39,1,100.0%,1,suspicious_user_agent,2025-08-21 12:30:14,2025-08-21 12:30:14
71.196.253.211,1,0.0%,1,suspicious_user_agent,2025-08-21 12:30:14,2025-08-21 12:30:14
98.123.212.139,1,0.0%,2,"sql_injection, suspicious_user_agent",2025-08-21 12:30:14,2025-08-21 12:30:14
190.54.3.19,1,100.0%,1,suspicious_user_agent,2025-08-21 12:30:14,2025-08-21 12:30:14
180.31.164.126,1,0.0%,1,suspicious_user_agent,2025-08-21 12:30:15,2025-08-21 12:30:15
11.48.178.10,1,0.0%,1,suspicious_user_agent,2025-08-21 12:30:15,2025-08-21 12:30:15
183.57.181.123,1,0.0%,1,suspicious_user_agent,2025-08-21 12:30:15,2025-08-21 12:30:15
166.38.186.155,1,0.0%,1,suspicious_user_agent,2025-08-21 12:30:15,2025-08-21 12:30:15
130.117.203.197,1,0.0%,1,suspicious_user_agent,2025-08-21 12:30:16,2025-08-21 12:30:16
100.65.245.222,1,0.0%,2,"suspicious_user_agent, sensitive_paths",2025-08-21 12:30:16,2025-08-21 12:30:16
169.193.18.209,1,0.0%,1,suspicious_user_agent,2025-08-21 12:30:16,2025-08-21 12:30:16
221.193.74.147,1,0.0%,1,suspicious_user_agent,2025-08-21 12:30:16,2025-08-21 12:30:16
185.111.89.175,1,100.0%,2,"sql_injection, suspicious_user_agent",2025-08-21 12:30:16,2025-08-21 12:30:16
198.90.206.61,1,0.0%,1,suspicious_user_agent,2025-08-21 12:30:17,2025-08-21 12:30:17
70.17.101.69,1,100.0%,1,suspicious_user_agent,2025-08-21 12:30:17,2025-08-21 12:30:17
216.226.167.253,1,0.0%,1,suspicious_user_agent,2025-08-21 12:30:17,2025-08-21 12:30:17
224.60.81.112,1,100.0%,1,suspicious_user_agent,2025-08-21 12:30:17,2025-08-21 12:30:17
101.214.236.74,1,0.0%,2,"sql_injection, suspicious_user_agent",2025-08-21 12:30:17,2025-08-21 12:30:17
139.209.242.7,1,0.0%,1,suspicious_user_agent,2025-08-21 12:30:18,2025-08-21 12:30:18
4.201.220.232,1,0.0%,1,suspicious_user_agent,2025-08-21 12:30:18,2025-08-21 12:30:18
6.7.185.151,1,0.0%,1,suspicious_user_agent,2025-08-21 12:30:18,2025-08-21 12:30:18
21.246.68.177,1,0.0%,1,suspicious_user_agent,2025-08-21 12:30:18,2025-08-21 12:30:18
250.59.106.183,1,0.0%,1,suspicious_user_agent,2025-08-21 12:30:18,2025-08-21 12:30:18
9.64.28.39,1,0.0%,1,suspicious_user_agent,2025-08-21 12:30:19,2025-08-21 12:30:19
164.141.27.143,1,0.0%,1,suspicious_user_agent,2025-08-21 12:30:19,2025-08-21 12:30:19
200.168.87.111,1,100.0%,1,suspicious_user_agent,2025-08-21 12:30:19,2025-08-21 12:30:19
252.33.188.49,1,100.0%,1,suspicious_user_agent,2025-08-21 12:30:19,2025-08-21 12:30:19
148.57.248.99,1,0.0%,1,suspicious_user_agent,2025-08-21 12:30:19,2025-08-21 12:30:19
13.194.119.223,1,0.0%,1,suspicious_user_agent,2025-08-21 12:30:20,2025-08-21 12:30:20
253.110.87.14,1,0.0%,1,suspicious_user_agent,2025-08-21 12:30:20,2025-08-21 12:30:20
56.168.83.88,1,0.0%,1,suspicious_user_agent,2025-08-21 12:30:20,2025-08-21 12:30:20
201.76.68.119,1,100.0%,1,suspicious_user_agent,2025-08-21 12:30:20,2025-08-21 12:30:20
177.132.6.30,1,0.0%,1,suspicious_user_agent,2025-08-21 12:30:20,2025-08-21 12:30:20
241.234.151.103,1,100.0%,1,suspicious_user_agent,2025-08-21 12:30:21,2025-08-21 12:30:21
43.4.240.78,1,0.0%,2,"sql_injection, suspicious_user_agent",2025-08-21 12:30:21,2025-08-21 12:30:21
45.208.42.8,1,100.0%,1,suspicious_user_agent,2025-08-21 12:30:21,2025-08-21 12:30:21
187.20.104.114,1,0.0%,2,"suspicious_user_agent, xss_attack",2025-08-21 12:30:21,2025-08-21 12:30:21
167.154.152.89,1,0.0%,1,suspicious_user_agent,2025-08-21 12:30:21,2025-08-21 12:30:21
186.189.5.182,1,0.0%,1,suspicious_user_agent,2025-08-21 12:30:22,2025-08-21 12:30:22
65.136.15.206,1,0.0%,1,suspicious_user_agent,2025-08-21 12:30:22,2025-08-21 12:30:22
156.63.223.60,1,0.0%,1,suspicious_user_agent,2025-08-21 12:30:22,2025-08-21 12:30:22
238.19.43.160,1,0.0%,1,suspicious_user_agent,2025-08-21 12:30:22,2025-08-21 12:30:22
230.183.180.17,1,0.0%,1,suspicious_user_agent,2025-08-21 12:30:22,2025-08-21 12:30:22
144.180.124.44,1,0.0%,1,suspicious_user_agent,2025-08-21 12:30:23,2025-08-21 12:30:23
39.21.189.107,1,0.0%,1,suspicious_user_agent,2025-08-21 12:30:23,2025-08-21 12:30:23
87.240.98.80,1,0.0%,2,"sql_injection, suspicious_user_agent",2025-08-21 12:30:23,2025-08-21 12:30:23
138.197.75.156,1,100.0%,1,suspicious_user_agent,2025-08-21 12:30:23,2025-08-21 12:30:23
191.102.3.239,1,100.0%,2,"suspicious_user_agent, sensitive_paths",2025-08-21 12:30:23,2025-08-21 12:30:23
161.175.77.173,1,0.0%,1,suspicious_user_agent,2025-08-21 12:30:24,2025-08-21 12:30:24
31.66.189.64,1,0.0%,2,"sql_injection, suspicious_user_agent",2025-08-21 12:30:24,2025-08-21 12:30:24
26.165.137.104,1,0.0%,1,suspicious_user_agent,2025-08-21 12:30:24,2025-08-21 12:30:24
73.221.108.99,1,0.0%,1,suspicious_user_agent,2025-08-21 12:30:24,2025-08-21 12:30:24
179.26.1.162,1,0.0%,1,suspicious_user_agent,2025-08-21 12:30:24,2025-08-21 12:30:24
92.40.40.82,1,0.0%,1,suspicious_user_agent,2025-08-21 12:30:25,2025-08-21 12:30:25
66.254.159.180,1,0.0%,1,suspicious_user_agent,2025-08-21 12:30:25,2025-08-21 12:30:25
224.217.60.48,1,100.0%,1,suspicious_user_agent,2025-08-21 12:30:25,2025-08-21 12:30:25
73.211.193.109,1,0.0%,1,suspicious_user_agent,2025-08-21 12:30:25,2025-08-21 12:30:25
209.53.48.58,1,0.0%,1,suspicious_user_agent,2025-08-21 12:30:25,2025-08-21 12:30:25
35.63.4.55,1,0.0%,1,suspicious_user_agent,2025-08-21 12:30:26,2025-08-21 12:30:26
143.17.119.32,1,100.0%,1,suspicious_user_agent,2025-08-21 12:30:26,2025-08-21 12:30:26
117.27.25.218,1,0.0%,1,suspicious_user_agent,2025-08-21 12:30:26,2025-08-21 12:30:26
111.62.75.236,1,0.0%,1,suspicious_user_agent,2025-08-21 12:30:26,2025-08-21 12:30:26
20.237.225.234,1,0.0%,1,suspicious_user_agent,2025-08-21 12:30:27,2025-08-21 12:30:27
59.169.12.179,1,100.0%,2,"sql_injection, suspicious_user_agent",2025-08-21 12:30:27,2025-08-21 12:30:27
154.222.107.222,1,100.0%,2,"sql_injection, suspicious_user_agent",2025-08-21 12:30:27,2025-08-21 12:30:27
183.26.149.17,1,0.0%,1,suspicious_user_agent,2025-08-21 12:30:27,2025-08-21 12:30:27
84.214.45.68,1,0.0%,2,"suspicious_user_agent, xss_attack",2025-08-21 12:30:27,2025-08-21 12:30:27
253.108.57.69,1,0.0%,1,suspicious_user_agent,2025-08-21 12:30:28,2025-08-21 12:30:28
245.89.29.177,1,0.0%,1,suspicious_user_agent,2025-08-21 12:30:28,2025-08-21 12:30:28
111.3.94.252,1,0.0%,2,"suspicious_user_agent, sensitive_paths",2025-08-21 12:30:28,2025-08-21 12:30:28
48.227.216.22,1,0.0%,1,suspicious_user_agent,2025-08-21 12:30:28,2025-08-21 12:30:28
54.39.65.208,1,0.0%,1,suspicious_user_agent,2025-08-21 12:30:28,2025-08-21 12:30:28
156.165.65.181,1,100.0%,1,suspicious_user_agent,2025-08-21 12:30:29,2025-08-21 12:30:29
141.161.27.221,1,0.0%,1,suspicious_user_agent,2025-08-21 12:30:29,2025-08-21 12:30:29
191.207.179.99,1,0.0%,1,suspicious_user_agent,2025-08-21 12:30:29,2025-08-21 12:30:29
176.50.90.17,1,100.0%,1,suspicious_user_agent,2025-08-21 12:30:29,2025-08-21 12:30:29
174.173.223.141,1,0.0%,1,suspicious_user_agent,2025-08-21 12:30:29,2025-08-21 12:30:29
227.55.190.24,1,100.0%,1,suspicious_user_agent,2025-08-21 12:30:30,2025-08-21 12:30:30
73.165.169.16,1,0.0%,2,"suspicious_user_agent, xss_attack",2025-08-21 12:30:30,2025-08-21 12:30:30
204.192.218.30,1,0.0%,2,"suspicious_user_agent, xss_attack",2025-08-21 12:30:30,2025-08-21 12:30:30
97.162.162.151,1,100.0%,2,"sql_injection, suspicious_user_agent",2025-08-21 12:30:30,2025-08-21 12:30:30
28.209.147.14,1,0.0%,1,suspicious_user_agent,2025-08-21 12:30:30,2025-08-21 12:30:30
91.246.169.237,1,0.0%,1,suspicious_user_agent,2025-08-21 12:30:31,2025-08-21 12:30:31
24.232.38.27,1,0.0%,1,suspicious_user_agent,2025-08-21 12:30:31,2025-08-21 12:30:31
55.220.215.123,1,100.0%,2,"sql_injection, suspicious_user_agent",2025-08-21 12:30:31,2025-08-21 12:30:31
173.96.30.192,1,0.0%,1,suspicious_user_agent,2025-08-21 12:30:31,2025-08-21 12:30:31
22.249.151.49,1,0.0%,2,"sql_injection, suspicious_user_agent",2025-08-21 12:30:31,2025-08-21 12:30:31
12.197.241.108,1,0.0%,2,"path_traversal, suspicious_user_agent",2025-08-21 12:30:32,2025-08-21 12:30:32
223.181.136.29,1,0.0%,1,suspicious_user_agent,2025-08-21 12:30:32,2025-08-21 12:30:32
207.8.40.208,1,0.0%,1,suspicious_user_agent,2025-08-21 12:30:32,2025-08-21 12:30:32
240.113.179.11,1,0.0%,1,suspicious_user_agent,2025-08-21 12:30:32,2025-08-21 12:30:32
188.241.36.77,1,0.0%,2,"sql_injection, suspicious_user_agent",2025-08-21 12:30:32,2025-08-21 12:30:32
32.246.178.25,1,0.0%,1,suspicious_user_agent,2025-08-21 12:30:33,2025-08-21 12:30:33
90.165.177.206,1,100.0%,2,"path_traversal, suspicious_user_agent",2025-08-21 12:30:33,2025-08-21 12:30:33
166.31.113.123,1,0.0%,1,suspicious_user_agent,2025-08-21 12:30:33,2025-08-21 12:30:33
93.174.195.96,1,100.0%,2,"sql_injection, suspicious_user_agent",2025-08-21 12:30:33,2025-08-21 12:30:33
123.46.188.52,1,100.0%,1,suspicious_user_agent,2025-08-21 12:30:33,2025-08-21 12:30:33
34.90.243.45,1,100.0%,1,suspicious_user_agent,2025-08-21 12:30:34,2025-08-21 12:30:34
202.75.112.46,1,100.0%,2,"sql_injection, suspicious_user_agent",2025-08-21 12:30:34,2025-08-21 12:30:34
17.152.194.49,1,0.0%,2,"sql_injection, suspicious_user_agent",2025-08-21 12:30:34,2025-08-21 12:30:34
18.196.229.243,1,0.0%,1,suspicious_user_agent,2025-08-21 12:30:34,2025-08-21 12:30:34
175.63.197.47,1,100.0%,1,suspicious_user_agent,2025-08-21 12:30:34,2025-08-21 12:30:34
6.51.224.147,1,100.0%,1,suspicious_user_agent,2025-08-21 12:30:35,2025-08-21 12:30:35
131.169.79.138,1,0.0%,1,suspicious_user_agent,2025-08-21 12:30:35,2025-08-21 12:30:35
129.220.152.21,1,0.0%,1,suspicious_user_agent,2025-08-21 12:30:35,2025-08-21 12:30:35
69.132.136.126,1,0.0%,2,"suspicious_user_agent, xss_attack",2025-08-21 12:30:35,2025-08-21 12:30:35
146.223.33.230,1,0.0%,2,"suspicious_user_agent, sensitive_paths",2025-08-21 12:30:35,2025-08-21 12:30:35
47.115.31.192,1,0.0%,1,suspicious_user_agent,2025-08-21 12:30:36,2025-08-21 12:30:36
51.89.164.127,1,0.0%,1,suspicious_user_agent,2025-08-21 12:30:36,2025-08-21 12:30:36
243.84.244.92,1,0.0%,1,suspicious_user_agent,2025-08-21 12:30:36,2025-08-21 12:30:36
233.58.196.96,1,0.0%,1,suspicious_user_agent,2025-08-21 12:30:36,2025-08-21 12:30:36
3.197.124.20,1,0.0%,1,suspicious_user_agent,2025-08-21 12:30:36,2025-08-21 12:30:36
219.241.209.147,1,0.0%,1,suspicious_user_agent,2025-08-21 12:30:37,2025-08-21 12:30:37
194.142.241.36,1,100.0%,2,"sql_injection, suspicious_user_agent",2025-08-21 12:30:37,2025-08-21 12:30:37
93.67.25.179,1,0.0%,1,suspicious_user_agent,2025-08-21 12:30:37,2025-08-21 12:30:37
66.85.60.112,1,0.0%,1,suspicious_user_agent,2025-08-21 12:30:37,2025-08-21 12:30:37
131.112.216.134,1,0.0%,1,suspicious_user_agent,2025-08-21 12:30:37,2025-08-21 12:30:37
58.123.149.131,1,0.0%,1,suspicious_user_agent,2025-08-21 12:30:38,2025-08-21 12:30:38
36.232.132.10,1,0.0%,1,suspicious_user_agent,2025-08-21 12:30:38,2025-08-21 12:30:38
66.84.142.224,1,0.0%,1,suspicious_user_agent,2025-08-21 12:30:38,2025-08-21 12:30:38
169.251.234.236,1,0.0%,1,suspicious_user_agent,2025-08-21 12:30:38,2025-08-21 12:30:38
96.231.179.82,1,0.0%,1,suspicious_user_agent,2025-08-21 12:30:39,2025-08-21 12:30:39
31.213.189.75,1,100.0%,1,suspicious_user_agent,2025-08-21 12:30:39,2025-08-21 12:30:39
249.129.76.135,1,0.0%,1,suspicious_user_agent,2025-08-21 12:30:39,2025-08-21 12:30:39
69.30.61.150,1,100.0%,1,suspicious_user_agent,2025-08-21 12:30:39,2025-08-21 12:30:39
225.192.81.127,1,0.0%,1,suspicious_user_agent,2025-08-21 12:30:39,2025-08-21 12:30:39
32.142.235.218,1,0.0%,1,suspicious_user_agent,2025-08-21 12:30:40,2025-08-21 12:30:40
80.82.127.90,1,0.0%,1,suspicious_user_agent,2025-08-21 12:30:40,2025-08-21 12:30:40
245.119.20.58,1,0.0%,2,"suspicious_user_agent, sensitive_paths",2025-08-21 12:30:40,2025-08-21 12:30:40
170.58.244.242,1,0.0%,2,"suspicious_user_agent, sensitive_paths",2025-08-21 12:30:40,2025-08-21 12:30:40
183.96.210.144,1,0.0%,1,suspicious_user_agent,2025-08-21 12:30:40,2025-08-21 12:30:40
206.210.63.13,1,0.0%,2,"sql_injection, suspicious_user_agent",2025-08-21 12:30:41,2025-08-21 12:30:41
159.213.24.112,1,0.0%,1,suspicious_user_agent,2025-08-21 12:30:41,2025-08-21 12:30:41
78.87.240.56,1,0.0%,1,suspicious_user_agent,2025-08-21 12:30:41,2025-08-21 12:30:41
144.90.235.63,1,0.0%,2,"sql_injection, suspicious_user_agent",2025-08-21 12:30:41,2025-08-21 12:30:41
227.230.153.147,1,0.0%,1,suspicious_user_agent,2025-08-21 12:30:41,2025-08-21 12:30:41
111.18.210.41,1,0.0%,1,suspicious_user_agent,2025-08-21 12:30:42,2025-08-21 12:30:42
248.101.21.3,1,100.0%,1,suspicious_user_agent,2025-08-21 12:30:42,2025-08-21 12:30:42
57.254.18.103,1,0.0%,2,"sql_injection, suspicious_user_agent",2025-08-21 12:30:42,2025-08-21 12:30:42
51.141.130.22,1,0.0%,1,suspicious_user_agent,2025-08-21 12:30:42,2025-08-21 12:30:42
80.27.55.2,1,100.0%,2,"path_traversal, suspicious_user_agent",2025-08-21 12:30:42,2025-08-21 12:30:42
14.99.71.27,1,0.0%,1,suspicious_user_agent,2025-08-21 12:30:43,2025-08-21 12:30:43
217.159.70.184,1,0.0%,2,"sql_injection, suspicious_user_agent",2025-08-21 12:30:43,2025-08-21 12:30:43
114.52.124.234,1,0.0%,1,suspicious_user_agent,2025-08-21 12:30:43,2025-08-21 12:30:43
116.154.86.215,1,0.0%,1,suspicious_user_agent,2025-08-21 12:30:43,2025-08-21 12:30:43
175.119.32.99,1,0.0%,2,"path_traversal, suspicious_user_agent",2025-08-21 12:30:43,2025-08-21 12:30:43
206.123.37.86,1,0.0%,1,suspicious_user_agent,2025-08-21 12:30:44,2025-08-21 12:30:44
169.135.231.5,1,0.0%,2,"suspicious_user_agent, sensitive_paths",2025-08-21 12:30:44,2025-08-21 12:30:44
58.199.75.14,1,100.0%,1,suspicious_user_agent,2025-08-21 12:30:44,2025-08-21 12:30:44
199.229.39.44,1,100.0%,1,suspicious_user_agent,2025-08-21 12:30:44,2025-08-21 12:30:44
129.84.247.138,1,100.0%,2,"sql_injection, suspicious_user_agent",2025-08-21 12:30:44,2025-08-21 12:30:44
87.225.159.36,1,0.0%,1,suspicious_user_agent,2025-08-21 12:30:45,2025-08-21 12:30:45
37.202.61.194,1,0.0%,1,suspicious_user_agent,2025-08-21 12:30:45,2025-08-21 12:30:45
68.133.75.219,1,0.0%,1,suspicious_user_agent,2025-08-21 12:30:45,2025-08-21 12:30:45
100.111.43.122,1,0.0%,2,"suspicious_user_agent, xss_attack",2025-08-21 12:30:45,2025-08-21 12:30:45
34.7.1.179,1,0.0%,1,suspicious_user_agent,2025-08-21 12:30:45,2025-08-21 12:30:45
210.237.1.71,1,0.0%,1,suspicious_user_agent,2025-08-21 12:30:46,2025-08-21 12:30:46
59.221.36.53,1,0.0%,1,suspicious_user_agent,2025-08-21 12:30:46,2025-08-21 12:30:46
42.114.137.175,1,0.0%,1,suspicious_user_agent,2025-08-21 12:30:46,2025-08-21 12:30:46
133.192.4.145,1,0.0%,1,suspicious_user_agent,2025-08-21 12:30:46,2025-08-21 12:30:46
89.10.1.156,1,0.0%,1,suspicious_user_agent,2025-08-21 12:30:46,2025-08-21 12:30:46
237.16.186.14,1,0.0%,2,"suspicious_user_agent, xss_attack",2025-08-21 12:30:47,2025-08-21 12:30:47
45.130.153.113,1,0.0%,1,suspicious_user_agent,2025-08-21 12:30:47,2025-08-21 12:30:47
166.123.133.59,1,0.0%,1,suspicious_user_agent,2025-08-21 12:30:47,2025-08-21 12:30:47
179.229.94.177,1,0.0%,2,"suspicious_user_agent, sensitive_paths",2025-08-21 12:30:47,2025-08-21 12:30:47
233.249.141.107,1,100.0%,2,"suspicious_user_agent, sensitive_paths",2025-08-21 12:30:47,2025-08-21 12:30:47
1.95.9.92,1,0.0%,1,suspicious_user_agent,2025-08-21 12:30:48,2025-08-21 12:30:48
204.22.211.183,1,0.0%,1,suspicious_user_agent,2025-08-21 12:30:48,2025-08-21 12:30:48
152.7.17.49,1,0.0%,1,suspicious_user_agent,2025-08-21 12:30:48,2025-08-21 12:30:48
99.244.12.234,1,0.0%,1,suspicious_user_agent,2025-08-21 12:30:48,2025-08-21 12:30:48
4.167.198.200,1,0.0%,2,"path_traversal, suspicious_user_agent",2025-08-21 12:30:49,2025-08-21 12:30:49
24.216.247.61,1,0.0%,1,suspicious_user_agent,2025-08-21 12:30:49,2025-08-21 12:30:49
143.242.124.24,1,0.0%,1,suspicious_user_agent,2025-08-21 12:30:49,2025-08-21 12:30:49
198.165.221.21,1,100.0%,2,"sql_injection, suspicious_user_agent",2025-08-21 12:30:49,2025-08-21 12:30:49
127.138.221.4,1,0.0%,2,"sql_injection, suspicious_user_agent",2025-08-21 12:30:49,2025-08-21 12:30:49
17.228.185.94,1,0.0%,2,"sql_injection, suspicious_user_agent",2025-08-21 12:30:50,2025-08-21 12:30:50
18.248.21.207,1,0.0%,2,"path_traversal, suspicious_user_agent",2025-08-21 12:30:50,2025-08-21 12:30:50
243.136.28.33,1,0.0%,1,suspicious_user_agent,2025-08-21 12:30:50,2025-08-21 12:30:50
140.117.34.97,1,0.0%,2,"suspicious_user_agent, sensitive_paths",2025-08-21 12:30:50,2025-08-21 12:30:50
158.177.89.136,1,0.0%,1,suspicious_user_agent,2025-08-21 12:30:50,2025-08-21 12:30:50
55.179.25.1,1,0.0%,1,suspicious_user_agent,2025-08-21 12:30:51,2025-08-21 12:30:51
247.230.15.21,1,0.0%,1,suspicious_user_agent,2025-08-21 12:30:51,2025-08-21 12:30:51
104.166.69.95,1,0.0%,2,"path_traversal, suspicious_user_agent",2025-08-21 12:30:51,2025-08-21 12:30:51
214.60.254.141,1,0.0%,1,suspicious_user_agent,2025-08-21 12:30:51,2025-08-21 12:30:51
137.62.93.140,1,100.0%,1,suspicious_user_agent,2025-08-21 12:30:51,2025-08-21 12:30:51
50.10.229.231,1,100.0%,2,"sql_injection, suspicious_user_agent",2025-08-21 12:30:52,2025-08-21 12:30:52
58.146.202.233,1,0.0%,1,suspicious_user_agent,2025-08-21 12:30:52,2025-08-21 12:30:52
33.127.207.107,1,0.0%,1,suspicious_user_agent,2025-08-21 12:30:52,2025-08-21 12:30:52
130.41.70.46,1,0.0%,1,suspicious_user_agent,2025-08-21 12:30:52,2025-08-21 12:30:52
153.237.119.32,1,100.0%,1,suspicious_user_agent,2025-08-21 12:30:52,2025-08-21 12:30:52
138.6.146.225,1,0.0%,1,suspicious_user_agent,2025-08-21 12:30:53,2025-08-21 12:30:53
152.69.247.210,1,0.0%,1,suspicious_user_agent,2025-08-21 12:30:53,2025-08-21 12:30:53
179.25.235.189,1,0.0%,1,suspicious_user_agent,2025-08-21 12:30:53,2025-08-21 12:30:53
105.169.130.92,1,0.0%,1,suspicious_user_agent,2025-08-21 12:30:53,2025-08-21 12:30:53
99.141.170.88,1,0.0%,1,suspicious_user_agent,2025-08-21 12:30:53,2025-08-21 12:30:53
70.143.153.142,1,0.0%,1,suspicious_user_agent,2025-08-21 12:30:54,2025-08-21 12:30:54
65.168.239.59,1,100.0%,2,"suspicious_user_agent, xss_attack",2025-08-21 12:30:54,2025-08-21 12:30:54
247.69.187.217,1,0.0%,1,suspicious_user_agent,2025-08-21 12:30:54,2025-08-21 12:30:54
62.178.56.190,1,0.0%,1,suspicious_user_agent,2025-08-21 12:30:54,2025-08-21 12:30:54
195.159.249.188,1,100.0%,1,suspicious_user_agent,2025-08-21 12:30:54,2025-08-21 12:30:54
52.72.205.143,1,0.0%,1,suspicious_user_agent,2025-08-21 12:30:55,2025-08-21 12:30:55
48.143.44.74,1,0.0%,1,suspicious_user_agent,2025-08-21 12:30:55,2025-08-21 12:30:55
61.106.32.40,1,0.0%,1,suspicious_user_agent,2025-08-21 12:30:55,2025-08-21 12:30:55
252.27.147.60,1,100.0%,2,"path_traversal, suspicious_user_agent",2025-08-21 12:30:55,2025-08-21 12:30:55
168.219.64.155,1,0.0%,1,suspicious_user_agent,2025-08-21 12:30:55,2025-08-21 12:30:55
131.58.33.221,1,0.0%,1,suspicious_user_agent,2025-08-21 12:30:56,2025-08-21 12:30:56
1.71.32.99,1,100.0%,1,suspicious_user_agent,2025-08-21 12:30:56,2025-08-21 12:30:56
196.78.112.157,1,0.0%,1,suspicious_user_agent,2025-08-21 12:30:56,2025-08-21 12:30:56
246.178.86.108,1,0.0%,1,suspicious_user_agent,2025-08-21 12:30:56,2025-08-21 12:30:56
55.207.80.89,1,100.0%,2,"sql_injection, suspicious_user_agent",2025-08-21 12:30:56,2025-08-21 12:30:56
29.33.215.97,1,0.0%,1,suspicious_user_agent,2025-08-21 12:30:57,2025-08-21 12:30:57
106.36.195.41,1,100.0%,1,suspicious_user_agent,2025-08-21 12:30:57,2025-08-21 12:30:57
213.211.170.144,1,0.0%,1,suspicious_user_agent,2025-08-21 12:30:57,2025-08-21 12:30:57
204.125.225.16,1,0.0%,1,suspicious_user_agent,2025-08-21 12:30:57,2025-08-21 12:30:57
28.24.4.93,1,100.0%,2,"sql_injection, suspicious_user_agent",2025-08-21 12:30:57,2025-08-21 12:30:57
54.51.63.206,1,0.0%,1,suspicious_user_agent,2025-08-21 12:30:58,2025-08-21 12:30:58
151.112.203.69,1,0.0%,1,suspicious_user_agent,2025-08-21 12:30:58,2025-08-21 12:30:58
32.58.204.233,1,100.0%,1,suspicious_user_agent,2025-08-21 12:30:58,2025-08-21 12:30:58
38.111.82.177,1,100.0%,1,suspicious_user_agent,2025-08-21 12:30:58,2025-08-21 12:30:58
9.184.210.74,1,0.0%,1,suspicious_user_agent,2025-08-21 12:30:58,2025-08-21 12:30:58
190.197.230.218,1,0.0%,1,suspicious_user_agent,2025-08-21 12:30:59,2025-08-21 12:30:59
250.134.100.28,1,0.0%,1,suspicious_user_agent,2025-08-21 12:30:59,2025-08-21 12:30:59
162.180.18.195,1,0.0%,1,suspicious_user_agent,2025-08-21 12:30:59,2025-08-21 12:30:59
115.119.3.80,1,100.0%,1,suspicious_user_agent,2025-08-21 12:30:59,2025-08-21 12:30:59
172.191.151.22,1,0.0%,1,suspicious_user_agent,2025-08-21 12:31:00,2025-08-21 12:31:00
171.46.82.146,1,0.0%,1,suspicious_user_agent,2025-08-21 12:31:00,2025-08-21 12:31:00
37.177.144.217,1,0.0%,1,suspicious_user_agent,2025-08-21 12:31:00,2025-08-21 12:31:00
8.197.92.7,1,0.0%,1,suspicious_user_agent,2025-08-21 12:31:00,2025-08-21 12:31:00
196.243.98.43,1,100.0%,1,suspicious_user_agent,2025-08-21 12:31:00,2025-08-21 12:31:00
20.67.157.184,1,0.0%,2,"sql_injection, suspicious_user_agent",2025-08-21 12:31:01,2025-08-21 12:31:01
40.142.42.1,1,0.0%,1,suspicious_user_agent,2025-08-21 12:31:01,2025-08-21 12:31:01
69.196.95.31,1,0.0%,1,suspicious_user_agent,2025-08-21 12:31:01,2025-08-21 12:31:01
80.119.167.152,1,0.0%,1,suspicious_user_agent,2025-08-21 12:31:01,2025-08-21 12:31:01
232.158.196.7,1,0.0%,1,suspicious_user_agent,2025-08-21 12:31:01,2025-08-21 12:31:01
101.22.210.229,1,0.0%,1,suspicious_user_agent,2025-08-21 12:31:02,2025-08-21 12:31:02
116.154.141.247,1,0.0%,1,suspicious_user_agent,2025-08-21 12:31:02,2025-08-21 12:31:02
171.109.128.72,1,0.0%,1,suspicious_user_agent,2025-08-21 12:31:02,2025-08-21 12:31:02
200.22.101.53,1,0.0%,1,suspicious_user_agent,2025-08-21 12:31:02,2025-08-21 12:31:02
225.218.159.63,1,0.0%,1,suspicious_user_agent,2025-08-21 12:31:02,2025-08-21 12:31:02
19.207.172.111,1,100.0%,2,"suspicious_user_agent, sensitive_paths",2025-08-21 12:31:03,2025-08-21 12:31:03
146.8.249.134,1,0.0%,1,suspicious_user_agent,2025-08-21 12:31:03,2025-08-21 12:31:03
244.67.34.247,1,100.0%,1,suspicious_user_agent,2025-08-21 12:31:03,2025-08-21 12:31:03
249.116.216.39,1,0.0%,1,suspicious_user_agent,2025-08-21 12:31:03,2025-08-21 12:31:03
236.139.57.214,1,0.0%,2,"suspicious_user_agent, xss_attack",2025-08-21 12:31:03,2025-08-21 12:31:03
55.158.29.77,1,0.0%,1,suspicious_user_agent,2025-08-21 12:31:04,2025-08-21 12:31:04
9.10.163.128,1,0.0%,2,"sql_injection, suspicious_user_agent",2025-08-21 12:31:04,2025-08-21 12:31:04
99.128.224.93,1,0.0%,2,"sql_injection, suspicious_user_agent",2025-08-21 12:31:04,2025-08-21 12:31:04
108.206.158.135,1,0.0%,1,suspicious_user_agent,2025-08-21 12:31:04,2025-08-21 12:31:04
117.112.3.247,1,0.0%,2,"suspicious_user_agent, xss_attack",2025-08-21 12:31:04,2025-08-21 12:31:04
80.184.46.81,1,0.0%,1,suspicious_user_agent,2025-08-21 12:31:05,2025-08-21 12:31:05
54.156.97.192,1,100.0%,2,"sql_injection, suspicious_user_agent",2025-08-21 12:31:05,2025-08-21 12:31:05
247.246.130.161,1,100.0%,2,"sql_injection, suspicious_user_agent",2025-08-21 12:31:05,2025-08-21 12:31:05
118.131.240.154,1,0.0%,1,suspicious_user_agent,2025-08-21 12:31:05,2025-08-21 12:31:05
160.80.71.82,1,100.0%,1,suspicious_user_agent,2025-08-21 12:31:05,2025-08-21 12:31:05
14.46.45.172,1,0.0%,1,suspicious_user_agent,2025-08-21 12:31:06,2025-08-21 12:31:06
179.45.77.201,1,0.0%,2,"suspicious_user_agent, xss_attack",2025-08-21 12:31:06,2025-08-21 12:31:06
211.197.212.68,1,0.0%,1,suspicious_user_agent,2025-08-21 12:31:06,2025-08-21 12:31:06
223.185.202.163,1,0.0%,1,suspicious_user_agent,2025-08-21 12:31:06,2025-08-21 12:31:06
6.56.17.129,1,0.0%,1,suspicious_user_agent,2025-08-21 12:31:06,2025-08-21 12:31:06
252.42.143.173,1,0.0%,1,suspicious_user_agent,2025-08-21 12:31:07,2025-08-21 12:31:07
59.242.152.27,1,0.0%,2,"path_traversal, suspicious_user_agent",2025-08-21 12:31:07,2025-08-21 12:31:07
22.232.123.72,1,100.0%,1,suspicious_user_agent,2025-08-21 12:31:07,2025-08-21 12:31:07
192.219.44.86,1,100.0%,1,suspicious_user_agent,2025-08-21 12:31:07,2025-08-21 12:31:07
178.156.198.163,1,100.0%,1,suspicious_user_agent,2025-08-21 12:31:07,2025-08-21 12:31:07
154.228.148.42,1,100.0%,2,"suspicious_user_agent, sensitive_paths",2025-08-21 12:31:08,2025-08-21 12:31:08
186.92.105.89,1,100.0%,2,"sql_injection, suspicious_user_agent",2025-08-21 12:31:08,2025-08-21 12:31:08
64.159.54.16,1,0.0%,1,suspicious_user_agent,2025-08-21 12:31:08,2025-08-21 12:31:08
254.232.29.6,1,0.0%,2,"path_traversal, suspicious_user_agent",2025-08-21 12:31:08,2025-08-21 12:31:08
106.56.71.227,1,0.0%,2,"sql_injection, suspicious_user_agent",2025-08-21 12:31:08,2025-08-21 12:31:08
35.80.217.160,1,0.0%,1,suspicious_user_agent,2025-08-21 12:31:09,2025-08-21 12:31:09
242.96.189.59,1,0.0%,2,"path_traversal, suspicious_user_agent",2025-08-21 12:31:09,2025-08-21 12:31:09
117.121.59.69,1,0.0%,1,suspicious_user_agent,2025-08-21 12:31:09,2025-08-21 12:31:09
218.17.160.154,1,0.0%,1,suspicious_user_agent,2025-08-21 12:31:09,2025-08-21 12:31:09
245.18.241.38,1,0.0%,2,"sql_injection, suspicious_user_agent",2025-08-21 12:31:09,2025-08-21 12:31:09
193.148.21.31,1,0.0%,2,"suspicious_user_agent, xss_attack",2025-08-21 12:31:10,2025-08-21 12:31:10
154.29.245.157,1,0.0%,2,"sql_injection, suspicious_user_agent",2025-08-21 12:31:10,2025-08-21 12:31:10
170.87.169.143,1,0.0%,1,suspicious_user_agent,2025-08-21 12:31:10,2025-08-21 12:31:10
163.48.89.132,1,0.0%,2,"sql_injection, suspicious_user_agent",2025-08-21 12:31:10,2025-08-21 12:31:10
246.241.22.238,1,0.0%,1,suspicious_user_agent,2025-08-21 12:31:11,2025-08-21 12:31:11
195.200.221.137,1,0.0%,2,"suspicious_user_agent, sensitive_paths",2025-08-21 12:31:11,2025-08-21 12:31:11
163.221.187.153,1,100.0%,2,"suspicious_user_agent, xss_attack",2025-08-21 12:31:11,2025-08-21 12:31:11
122.88.213.102,1,0.0%,1,suspicious_user_agent,2025-08-21 12:31:11,2025-08-21 12:31:11
175.29.170.160,1,100.0%,2,"suspicious_user_agent, sensitive_paths",2025-08-21 12:31:11,2025-08-21 12:31:11
63.48.10.162,1,0.0%,1,suspicious_user_agent,2025-08-21 12:31:12,2025-08-21 12:31:12
88.26.237.119,1,0.0%,2,"sql_injection, suspicious_user_agent",2025-08-21 12:31:12,2025-08-21 12:31:12
151.159.112.197,1,0.0%,2,"sql_injection, suspicious_user_agent",2025-08-21 12:31:12,2025-08-21 12:31:12
128.58.174.11,1,100.0%,2,"sql_injection, suspicious_user_agent",2025-08-21 12:31:12,2025-08-21 12:31:12
58.69.90.159,1,0.0%,1,suspicious_user_agent,2025-08-21 12:31:12,2025-08-21 12:31:12
225.123.73.82,1,0.0%,1,suspicious_user_agent,2025-08-21 12:31:13,2025-08-21 12:31:13
158.245.215.175,1,0.0%,1,suspicious_user_agent,2025-08-21 12:31:13,2025-08-21 12:31:13
113.233.31.72,1,0.0%,1,suspicious_user_agent,2025-08-21 12:31:13,2025-08-21 12:31:13
24.74.183.73,1,0.0%,1,suspicious_user_agent,2025-08-21 12:31:13,2025-08-21 12:31:13
124.139.190.251,1,100.0%,1,suspicious_user_agent,2025-08-21 12:31:13,2025-08-21 12:31:13
8.68.169.17,1,0.0%,1,suspicious_user_agent,2025-08-21 12:31:14,2025-08-21 12:31:14
240.185.207.208,1,0.0%,1,suspicious_user_agent,2025-08-21 12:31:14,2025-08-21 12:31:14
54.168.12.13,1,100.0%,1,suspicious_user_agent,2025-08-21 12:31:14,2025-08-21 12:31:14
114.123.100.72,1,0.0%,1,suspicious_user_agent,2025-08-21 12:31:14,2025-08-21 12:31:14
169.18.11.85,1,100.0%,1,suspicious_user_agent,2025-08-21 12:31:14,2025-08-21 12:31:14
217.167.51.184,1,0.0%,2,"suspicious_user_agent, sensitive_paths",2025-08-21 12:31:15,2025-08-21 12:31:15
165.96.56.32,1,0.0%,1,suspicious_user_agent,2025-08-21 12:31:15,2025-08-21 12:31:15
240.189.67.253,1,0.0%,1,suspicious_user_agent,2025-08-21 12:31:15,2025-08-21 12:31:15
60.36.118.166,1,0.0%,1,suspicious_user_agent,2025-08-21 12:31:15,2025-08-21 12:31:15
125.178.197.111,1,0.0%,1,suspicious_user_agent,2025-08-21 12:31:15,2025-08-21 12:31:15
227.225.1.16,1,0.0%,2,"sql_injection, suspicious_user_agent",2025-08-21 12:31:16,2025-08-21 12:31:16
84.19.116.168,1,0.0%,1,suspicious_user_agent,2025-08-21 12:31:16,2025-08-21 12:31:16
178.186.148.84,1,100.0%,1,suspicious_user_agent,2025-08-21 12:31:16,2025-08-21 12:31:16
9.149.173.247,1,0.0%,1,suspicious_user_agent,2025-08-21 12:31:16,2025-08-21 12:31:16
241.112.181.19,1,100.0%,1,suspicious_user_agent,2025-08-21 12:31:16,2025-08-21 12:31:16
80.57.119.74,1,100.0%,2,"sql_injection, suspicious_user_agent",2025-08-21 12:31:17,2025-08-21 12:31:17
25.92.234.110,1,0.0%,1,suspicious_user_agent,2025-08-21 12:31:17,2025-08-21 12:31:17
24.170.103.58,1,0.0%,1,suspicious_user_agent,2025-08-21 12:31:17,2025-08-21 12:31:17
77.56.4.236,1,0.0%,1,suspicious_user_agent,2025-08-21 12:31:17,2025-08-21 12:31:17
142.144.121.73,1,100.0%,1,suspicious_user_agent,2025-08-21 12:31:17,2025-08-21 12:31:17
252.216.187.74,1,0.0%,1,suspicious_user_agent,2025-08-21 12:31:18,2025-08-21 12:31:18
39.147.205.140,1,0.0%,1,suspicious_user_agent,2025-08-21 12:31:18,2025-08-21 12:31:18
125.73.60.7,1,0.0%,1,suspicious_user_agent,2025-08-21 12:31:18,2025-08-21 12:31:18
180.234.229.232,1,0.0%,1,suspicious_user_agent,2025-08-21 12:31:18,2025-08-21 12:31:18
176.148.62.203,1,0.0%,1,suspicious_user_agent,2025-08-21 12:31:18,2025-08-21 12:31:18
250.193.230.31,1,100.0%,1,suspicious_user_agent,2025-08-21 12:31:19,2025-08-21 12:31:19
179.110.41.248,1,100.0%,1,suspicious_user_agent,2025-08-21 12:31:19,2025-08-21 12:31:19
13.230.124.59,1,100.0%,2,"sql_injection, suspicious_user_agent",2025-08-21 12:31:19,2025-08-21 12:31:19
250.87.144.241,1,0.0%,1,suspicious_user_agent,2025-08-21 12:31:19,2025-08-21 12:31:19
136.146.192.170,1,0.0%,1,suspicious_user_agent,2025-08-21 12:31:19,2025-08-21 12:31:19
222.241.122.104,1,100.0%,2,"sql_injection, suspicious_user_agent",2025-08-21 12:31:20,2025-08-21 12:31:20
172.71.199.161,1,0.0%,2,"sql_injection, suspicious_user_agent",2025-08-21 12:31:20,2025-08-21 12:31:20
139.136.77.125,1,100.0%,1,suspicious_user_agent,2025-08-21 12:31:20,2025-08-21 12:31:20
127.173.209.88,1,0.0%,1,suspicious_user_agent,2025-08-21 12:31:20,2025-08-21 12:31:20
57.136.129.252,1,100.0%,2,"sql_injection, suspicious_user_agent",2025-08-21 12:31:20,2025-08-21 12:31:20
136.216.106.93,1,100.0%,1,suspicious_user_agent,2025-08-21 12:31:21,2025-08-21 12:31:21
195.157.17.17,1,0.0%,1,suspicious_user_agent,2025-08-21 12:31:21,2025-08-21 12:31:21
151.210.2.94,1,0.0%,1,suspicious_user_agent,2025-08-21 12:31:21,2025-08-21 12:31:21
72.195.2.69,1,0.0%,1,suspicious_user_agent,2025-08-21 12:31:21,2025-08-21 12:31:21
93.103.83.10,1,0.0%,1,suspicious_user_agent,2025-08-21 12:31:22,2025-08-21 12:31:22
42.51.1.60,1,0.0%,1,suspicious_user_agent,2025-08-21 12:31:22,2025-08-21 12:31:22
96.62.198.241,1,0.0%,2,"path_traversal, suspicious_user_agent",2025-08-21 12:31:22,2025-08-21 12:31:22
114.148.244.153,1,0.0%,1,suspicious_user_agent,2025-08-21 12:31:22,2025-08-21 12:31:22
47.121.41.183,1,0.0%,1,suspicious_user_agent,2025-08-21 12:31:22,2025-08-21 12:31:22
11.135.100.240,1,0.0%,1,suspicious_user_agent,2025-08-21 12:31:23,2025-08-21 12:31:23
71.2.33.228,1,0.0%,2,"suspicious_user_agent, xss_attack",2025-08-21 12:31:23,2025-08-21 12:31:23
1.173.226.45,1,0.0%,2,"suspicious_user_agent, sensitive_paths",2025-08-21 12:31:23,2025-08-21 12:31:23
228.128.139.167,1,0.0%,2,"suspicious_user_agent, sensitive_paths",2025-08-21 12:31:23,2025-08-21 12:31:23
30.84.54.147,1,100.0%,1,suspicious_user_agent,2025-08-21 12:31:23,2025-08-21 12:31:23
234.14.73.240,1,0.0%,1,suspicious_user_agent,2025-08-21 12:31:24,2025-08-21 12:31:24
98.97.173.24,1,0.0%,1,suspicious_user_agent,2025-08-21 12:31:24,2025-08-21 12:31:24
222.168.51.162,1,0.0%,1,suspicious_user_agent,2025-08-21 12:31:24,2025-08-21 12:31:24
244.28.107.7,1,0.0%,1,suspicious_user_agent,2025-08-21 12:31:24,2025-08-21 12:31:24
39.125.69.169,1,0.0%,1,suspicious_user_agent,2025-08-21 12:31:24,2025-08-21 12:31:24
240.245.200.107,1,0.0%,1,suspicious_user_agent,2025-08-21 12:31:25,2025-08-21 12:31:25
223.185.15.104,1,100.0%,2,"suspicious_user_agent, xss_attack",2025-08-21 12:31:25,2025-08-21 12:31:25
248.247.11.132,1,0.0%,2,"sql_injection, suspicious_user_agent",2025-08-21 12:31:25,2025-08-21 12:31:25
185.247.246.220,1,0.0%,1,suspicious_user_agent,2025-08-21 12:31:25,2025-08-21 12:31:25
129.18.205.230,1,100.0%,1,suspicious_user_agent,2025-08-21 12:31:25,2025-08-21 12:31:25
69.217.91.56,1,0.0%,2,"sql_injection, suspicious_user_agent",2025-08-21 12:31:26,2025-08-21 12:31:26
220.43.79.236,1,0.0%,1,suspicious_user_agent,2025-08-21 12:31:26,2025-08-21 12:31:26
2.220.123.195,1,0.0%,2,"sql_injection, suspicious_user_agent",2025-08-21 12:31:26,2025-08-21 12:31:26
136.116.3.242,1,0.0%,1,suspicious_user_agent,2025-08-21 12:31:26,2025-08-21 12:31:26
54.228.179.8,1,0.0%,1,suspicious_user_agent,2025-08-21 12:31:26,2025-08-21 12:31:26
112.216.234.157,1,0.0%,1,suspicious_user_agent,2025-08-21 12:31:27,2025-08-21 12:31:27
187.62.192.188,1,0.0%,1,suspicious_user_agent,2025-08-21 12:31:27,2025-08-21 12:31:27
185.62.37.96,1,100.0%,1,suspicious_user_agent,2025-08-21 12:31:27,2025-08-21 12:31:27
96.39.81.231,1,0.0%,1,suspicious_user_agent,2025-08-21 12:31:27,2025-08-21 12:31:27
161.185.247.160,1,0.0%,1,suspicious_user_agent,2025-08-21 12:31:27,2025-08-21 12:31:27
48.85.38.215,1,0.0%,1,suspicious_user_agent,2025-08-21 12:31:28,2025-08-21 12:31:28
47.247.213.115,1,0.0%,1,suspicious_user_agent,2025-08-21 12:31:28,2025-08-21 12:31:28
24.158.124.115,1,0.0%,1,suspicious_user_agent,2025-08-21 12:31:28,2025-08-21 12:31:28
194.179.208.88,1,0.0%,1,suspicious_user_agent,2025-08-21 12:31:28,2025-08-21 12:31:28
95.133.246.184,1,0.0%,1,suspicious_user_agent,2025-08-21 12:31:28,2025-08-21 12:31:28
82.3.47.55,1,100.0%,1,suspicious_user_agent,2025-08-21 12:31:29,2025-08-21 12:31:29
139.162.190.204,1,0.0%,1,suspicious_user_agent,2025-08-21 12:31:29,2025-08-21 12:31:29
4.249.109.33,1,0.0%,2,"sql_injection, suspicious_user_agent",2025-08-21 12:31:29,2025-08-21 12:31:29
166.154.199.85,1,0.0%,1,suspicious_user_agent,2025-08-21 12:31:29,2025-08-21 12:31:29
196.214.153.121,1,0.0%,2,"sql_injection, suspicious_user_agent",2025-08-21 12:31:29,2025-08-21 12:31:29
236.146.180.80,1,0.0%,1,suspicious_user_agent,2025-08-21 12:31:30,2025-08-21 12:31:30
163.104.224.146,1,0.0%,1,suspicious_user_agent,2025-08-21 12:31:30,2025-08-21 12:31:30
157.151.141.22,1,0.0%,1,suspicious_user_agent,2025-08-21 12:31:30,2025-08-21 12:31:30
137.103.91.228,1,100.0%,2,"suspicious_user_agent, sensitive_paths",2025-08-21 12:31:30,2025-08-21 12:31:30
251.253.202.124,1,0.0%,1,suspicious_user_agent,2025-08-21 12:31:30,2025-08-21 12:31:30
34.50.230.155,1,0.0%,1,suspicious_user_agent,2025-08-21 12:31:31,2025-08-21 12:31:31
29.215.217.8,1,100.0%,2,"suspicious_user_agent, sensitive_paths",2025-08-21 12:31:31,2025-08-21 12:31:31
124.160.191.138,1,0.0%,1,suspicious_user_agent,2025-08-21 12:31:31,2025-08-21 12:31:31
11.89.50.136,1,0.0%,2,"sql_injection, suspicious_user_agent",2025-08-21 12:31:31,2025-08-21 12:31:31
42.116.190.98,1,0.0%,1,suspicious_user_agent,2025-08-21 12:31:32,2025-08-21 12:31:32
119.212.249.140,1,0.0%,2,"sql_injection, suspicious_user_agent",2025-08-21 12:31:32,2025-08-21 12:31:32
153.210.131.242,1,0.0%,1,suspicious_user_agent,2025-08-21 12:31:32,2025-08-21 12:31:32
43.164.36.202,1,0.0%,2,"path_traversal, suspicious_user_agent",2025-08-21 12:31:32,2025-08-21 12:31:32
114.237.176.129,1,100.0%,1,suspicious_user_agent,2025-08-21 12:31:32,2025-08-21 12:31:32
251.163.127.133,1,0.0%,1,suspicious_user_agent,2025-08-21 12:31:33,2025-08-21 12:31:33
11.230.47.49,1,100.0%,2,"sql_injection, suspicious_user_agent",2025-08-21 12:31:33,2025-08-21 12:31:33
74.182.132.227,1,0.0%,1,suspicious_user_agent,2025-08-21 12:31:33,2025-08-21 12:31:33
215.73.136.190,1,100.0%,2,"suspicious_user_agent, sensitive_paths",2025-08-21 12:31:33,2025-08-21 12:31:33
228.47.58.189,1,100.0%,2,"sql_injection, suspicious_user_agent",2025-08-21 12:31:33,2025-08-21 12:31:33
189.102.17.182,1,0.0%,1,suspicious_user_agent,2025-08-21 12:31:34,2025-08-21 12:31:34
221.167.87.71,1,0.0%,1,suspicious_user_agent,2025-08-21 12:31:34,2025-08-21 12:31:34
236.170.162.40,1,0.0%,2,"sql_injection, suspicious_user_agent",2025-08-21 12:31:34,2025-08-21 12:31:34
189.22.78.81,1,0.0%,2,"sql_injection, suspicious_user_agent",2025-08-21 12:31:34,2025-08-21 12:31:34
132.228.249.43,1,0.0%,1,suspicious_user_agent,2025-08-21 12:31:34,2025-08-21 12:31:34
254.19.167.3,1,0.0%,1,suspicious_user_agent,2025-08-21 12:31:35,2025-08-21 12:31:35
131.161.228.150,1,0.0%,1,suspicious_user_agent,2025-08-21 12:31:35,2025-08-21 12:31:35
48.51.65.2,1,0.0%,1,suspicious_user_agent,2025-08-21 12:31:35,2025-08-21 12:31:35
216.152.127.85,1,0.0%,1,suspicious_user_agent,2025-08-21 12:31:35,2025-08-21 12:31:35
102.109.104.79,1,0.0%,1,suspicious_user_agent,2025-08-21 12:31:35,2025-08-21 12:31:35
153.95.142.197,1,0.0%,1,suspicious_user_agent,2025-08-21 12:31:36,2025-08-21 12:31:36
113.7.19.1,1,0.0%,1,suspicious_user_agent,2025-08-21 12:31:36,2025-08-21 12:31:36
122.205.239.222,1,100.0%,1,suspicious_user_agent,2025-08-21 12:31:36,2025-08-21 12:31:36
40.191.169.59,1,100.0%,1,suspicious_user_agent,2025-08-21 12:31:36,2025-08-21 12:31:36
135.152.95.11,1,0.0%,1,suspicious_user_agent,2025-08-21 12:31:36,2025-08-21 12:31:36
59.120.12.58,1,0.0%,1,suspicious_user_agent,2025-08-21 12:31:37,2025-08-21 12:31:37
148.60.128.54,1,0.0%,1,suspicious_user_agent,2025-08-21 12:31:37,2025-08-21 12:31:37
237.19.36.110,1,0.0%,1,suspicious_user_agent,2025-08-21 12:31:37,2025-08-21 12:31:37
70.110.139.26,1,0.0%,2,"suspicious_user_agent, sensitive_paths",2025-08-21 12:31:37,2025-08-21 12:31:37
140.254.197.146,1,100.0%,1,suspicious_user_agent,2025-08-21 12:31:37,2025-08-21 12:31:37
2.129.187.131,1,100.0%,2,"path_traversal, suspicious_user_agent",2025-08-21 12:31:38,2025-08-21 12:31:38
180.150.132.102,1,0.0%,1,suspicious_user_agent,2025-08-21 12:31:38,2025-08-21 12:31:38
150.56.9.140,1,0.0%,1,suspicious_user_agent,2025-08-21 12:31:38,2025-08-21 12:31:38
39.113.199.220,1,0.0%,1,suspicious_user_agent,2025-08-21 12:31:38,2025-08-21 12:31:38
87.139.47.152,1,0.0%,1,suspicious_user_agent,2025-08-21 12:31:38,2025-08-21 12:31:38
189.109.193.132,1,100.0%,2,"sql_injection, suspicious_user_agent",2025-08-21 12:31:39,2025-08-21 12:31:39
151.163.170.191,1,0.0%,1,suspicious_user_agent,2025-08-21 12:31:39,2025-08-21 12:31:39
236.219.163.146,1,0.0%,2,"suspicious_user_agent, xss_attack",2025-08-21 12:31:39,2025-08-21 12:31:39
6.176.138.114,1,0.0%,1,suspicious_user_agent,2025-08-21 12:31:39,2025-08-21 12:31:39
191.76.23.160,1,100.0%,2,"sql_injection, suspicious_user_agent",2025-08-21 12:31:39,2025-08-21 12:31:39
171.139.227.100,1,100.0%,1,suspicious_user_agent,2025-08-21 12:31:40,2025-08-21 12:31:40
189.170.215.33,1,0.0%,1,suspicious_user_agent,2025-08-21 12:31:40,2025-08-21 12:31:40
57.187.175.110,1,100.0%,2,"suspicious_user_agent, xss_attack",2025-08-21 12:31:40,2025-08-21 12:31:40
133.185.240.91,1,100.0%,2,"sql_injection, suspicious_user_agent",2025-08-21 12:31:40,2025-08-21 12:31:40
76.97.125.10,1,0.0%,1,suspicious_user_agent,2025-08-21 12:31:40,2025-08-21 12:31:40
164.95.78.81,1,0.0%,2,"sql_injection, suspicious_user_agent",2025-08-21 12:31:41,2025-08-21 12:31:41
53.246.154.171,1,0.0%,2,"sql_injection, suspicious_user_agent",2025-08-21 12:31:41,2025-08-21 12:31:41
58.105.155.110,1,0.0%,1,suspicious_user_agent,2025-08-21 12:31:41,2025-08-21 12:31:41
241.204.132.209,1,0.0%,1,suspicious_user_agent,2025-08-21 12:31:41,2025-08-21 12:31:41
211.15.151.73,1,0.0%,1,suspicious_user_agent,2025-08-21 12:31:42,2025-08-21 12:31:42
163.165.254.74,1,0.0%,2,"sql_injection, suspicious_user_agent",2025-08-21 12:31:42,2025-08-21 12:31:42
179.223.99.228,1,0.0%,1,suspicious_user_agent,2025-08-21 12:31:42,2025-08-21 12:31:42
88.14.150.123,1,0.0%,1,suspicious_user_agent,2025-08-21 12:31:42,2025-08-21 12:31:42
199.180.232.41,1,0.0%,1,suspicious_user_agent,2025-08-21 12:31:42,2025-08-21 12:31:42
230.76.21.141,1,0.0%,1,suspicious_user_agent,2025-08-21 12:31:43,2025-08-21 12:31:43
45.149.227.8,1,100.0%,1,suspicious_user_agent,2025-08-21 12:31:43,2025-08-21 12:31:43
49.80.62.24,1,0.0%,2,"path_traversal, suspicious_user_agent",2025-08-21 12:31:43,2025-08-21 12:31:43
141.27.252.232,1,100.0%,1,suspicious_user_agent,2025-08-21 12:31:43,2025-08-21 12:31:43
29.175.57.107,1,0.0%,1,suspicious_user_agent,2025-08-21 12:31:43,2025-08-21 12:31:43
51.162.170.2,1,100.0%,1,suspicious_user_agent,2025-08-21 12:31:44,2025-08-21 12:31:44
159.88.155.96,1,100.0%,2,"suspicious_user_agent, sensitive_paths",2025-08-21 12:31:44,2025-08-21 12:31:44
86.136.126.118,1,0.0%,1,suspicious_user_agent,2025-08-21 12:31:44,2025-08-21 12:31:44
1.145.245.117,1,0.0%,1,suspicious_user_agent,2025-08-21 12:31:44,2025-08-21 12:31:44
187.54.71.18,1,100.0%,2,"suspicious_user_agent, xss_attack",2025-08-21 12:31:44,2025-08-21 12:31:44
2.127.95.154,1,0.0%,1,suspicious_user_agent,2025-08-21 12:31:45,2025-08-21 12:31:45
78.189.78.15,1,100.0%,1,suspicious_user_agent,2025-08-21 12:31:45,2025-08-21 12:31:45
150.207.146.28,1,0.0%,1,suspicious_user_agent,2025-08-21 12:31:45,2025-08-21 12:31:45
239.157.79.219,1,100.0%,1,suspicious_user_agent,2025-08-21 12:31:45,2025-08-21 12:31:45
179.237.46.20,1,0.0%,1,suspicious_user_agent,2025-08-21 12:31:45,2025-08-21 12:31:45
101.120.209.71,1,0.0%,1,suspicious_user_agent,2025-08-21 12:31:46,2025-08-21 12:31:46
2.34.226.170,1,0.0%,1,suspicious_user_agent,2025-08-21 12:31:46,2025-08-21 12:31:46
186.182.127.84,1,0.0%,2,"sql_injection, suspicious_user_agent",2025-08-21 12:31:46,2025-08-21 12:31:46
129.234.216.67,1,0.0%,1,suspicious_user_agent,2025-08-21 12:31:46,2025-08-21 12:31:46
59.5.72.57,1,0.0%,1,suspicious_user_agent,2025-08-21 12:31:46,2025-08-21 12:31:46
68.124.140.11,1,0.0%,1,suspicious_user_agent,2025-08-21 12:31:47,2025-08-21 12:31:47
125.97.184.80,1,0.0%,1,suspicious_user_agent,2025-08-21 12:31:47,2025-08-21 12:31:47
171.134.176.151,1,0.0%,1,suspicious_user_agent,2025-08-21 12:31:47,2025-08-21 12:31:47
37.117.244.15,1,0.0%,1,suspicious_user_agent,2025-08-21 12:31:47,2025-08-21 12:31:47
248.61.249.150,1,0.0%,1,suspicious_user_agent,2025-08-21 12:31:47,2025-08-21 12:31:47
212.3.223.94,1,0.0%,1,suspicious_user_agent,2025-08-21 12:31:48,2025-08-21 12:31:48
143.55.130.70,1,0.0%,1,suspicious_user_agent,2025-08-21 12:31:48,2025-08-21 12:31:48
209.197.74.248,1,100.0%,1,suspicious_user_agent,2025-08-21 12:31:48,2025-08-21 12:31:48
231.168.33.205,1,0.0%,1,suspicious_user_agent,2025-08-21 12:31:48,2025-08-21 12:31:48
23.252.68.59,1,100.0%,1,suspicious_user_agent,2025-08-21 12:31:48,2025-08-21 12:31:48
165.251.174.22,1,0.0%,2,"sql_injection, suspicious_user_agent",2025-08-21 12:31:49,2025-08-21 12:31:49
167.6.62.223,1,0.0%,1,suspicious_user_agent,2025-08-21 12:31:49,2025-08-21 12:31:49
39.158.41.47,1,100.0%,1,suspicious_user_agent,2025-08-21 12:31:49,2025-08-21 12:31:49
25.64.134.167,1,0.0%,1,suspicious_user_agent,2025-08-21 12:31:49,2025-08-21 12:31:49
19.6.207.29,1,0.0%,1,suspicious_user_agent,2025-08-21 12:31:49,2025-08-21 12:31:49
46.119.155.122,1,0.0%,1,suspicious_user_agent,2025-08-21 12:31:50,2025-08-21 12:31:50
203.12.136.67,1,0.0%,1,suspicious_user_agent,2025-08-21 12:31:50,2025-08-21 12:31:50
20.98.236.83,1,100.0%,1,suspicious_user_agent,2025-08-21 12:31:50,2025-08-21 12:31:50
222.197.231.78,1,100.0%,1,suspicious_user_agent,2025-08-21 12:31:50,2025-08-21 12:31:50
160.240.19.242,1,0.0%,1,suspicious_user_agent,2025-08-21 12:31:50,2025-08-21 12:31:50
227.37.66.165,1,0.0%,1,suspicious_user_agent,2025-08-21 12:31:51,2025-08-21 12:31:51
194.215.245.33,1,100.0%,1,suspicious_user_agent,2025-08-21 12:31:51,2025-08-21 12:31:51
114.186.89.89,1,0.0%,2,"sql_injection, suspicious_user_agent",2025-08-21 12:31:51,2025-08-21 12:31:51
36.170.162.131,1,100.0%,1,suspicious_user_agent,2025-08-21 12:31:51,2025-08-21 12:31:51
254.105.77.154,1,0.0%,1,suspicious_user_agent,2025-08-21 12:31:51,2025-08-21 12:31:51
178.101.225.209,1,0.0%,1,suspicious_user_agent,2025-08-21 12:31:52,2025-08-21 12:31:52
23.245.204.182,1,0.0%,1,suspicious_user_agent,2025-08-21 12:31:52,2025-08-21 12:31:52
100.29.216.243,1,100.0%,1,suspicious_user_agent,2025-08-21 12:31:52,2025-08-21 12:31:52
129.42.99.21,1,0.0%,1,suspicious_user_agent,2025-08-21 12:31:52,2025-08-21 12:31:52
230.19.253.236,1,100.0%,2,"suspicious_user_agent, sensitive_paths",2025-08-21 12:31:52,2025-08-21 12:31:52
74.25.176.30,1,0.0%,1,suspicious_user_agent,2025-08-21 12:31:53,2025-08-21 12:31:53
199.13.160.202,1,0.0%,1,suspicious_user_agent,2025-08-21 12:31:53,2025-08-21 12:31:53
171.111.117.42,1,0.0%,1,suspicious_user_agent,2025-08-21 12:31:53,2025-08-21 12:31:53
189.84.250.27,1,100.0%,1,suspicious_user_agent,2025-08-21 12:31:53,2025-08-21 12:31:53
222.244.121.60,1,100.0%,1,suspicious_user_agent,2025-08-21 12:31:54,2025-08-21 12:31:54
177.162.117.40,1,0.0%,1,suspicious_user_agent,2025-08-21 12:31:54,2025-08-21 12:31:54
124.13.103.253,1,0.0%,1,suspicious_user_agent,2025-08-21 12:31:54,2025-08-21 12:31:54
151.249.101.188,1,100.0%,1,suspicious_user_agent,2025-08-21 12:31:54,2025-08-21 12:31:54
81.141.129.145,1,0.0%,1,suspicious_user_agent,2025-08-21 12:31:54,2025-08-21 12:31:54
252.123.46.214,1,0.0%,1,suspicious_user_agent,2025-08-21 12:31:55,2025-08-21 12:31:55
4.235.117.189,1,0.0%,1,suspicious_user_agent,2025-08-21 12:31:55,2025-08-21 12:31:55
131.214.148.152,1,0.0%,1,suspicious_user_agent,2025-08-21 12:31:55,2025-08-21 12:31:55
